from,to
Hunt,N1
N1,N2
N2,N3
N3,N4
N4,N5
N5,N6
N6,N7
N7,N8
N8,N9
N9,N10
N10,N11
N11,N12
N12,N13
N13,N14
N14,N15
N15,N16
N16,N17
N17,N18
N18,N19
N19,N20
N20,N21
N21,N22
N22,N23
N23,N24
N24,N25
N25,N26
N26,N27
N27,N28
N28,N29
N29,N30
N30,N31
N31,N32
N32,N33
N33,N34
N34,N35
N35,N36
N36,N37
N37,N38
N38,N39
N39,N40
N40,N41
N41,N42
N42,N43
N43,N44
N44,N45
N45,N46
N46,N47
N47,N48
N48,N49
N49,N50
N50,N51
N51,N52
N52,N53
N53,Fits
Fits,N55
N55,N56
N56,N57
N57,N58
N58,N59
N59,N60
N60,N61
N61,N62
N62,N63
N63,N64
N64,N65
N65,N66
N66,N67
N67,N68
N68,N69
N69,N70
N70,N71
N71,N72
N72,N73
N73,N74
N74,N75
N75,N76
N76,N77
N77,N78
N78,N79
N79,N80
N80,N81
N81,N82
N82,N83
N83,N84
N84,N85
N85,N86
N86,N87
N87,N88
N88,N89
N89,EB1
EB1,N91
N91,N92
N92,N93
N93,N94
N94,N95
N95,N96
N96,N97
N97,N98
N98,N99
N99,N100
N100,N101
N101,N102
N102,N103
N103,N104
N104,N105
N105,N106
N106,N107
N107,N108
N108,N109
N109,N110
N110,N111
N111,N112
N112,N113
N113,N114
N114,EB2
EB2,N116
N116,N117
N117,N118
N118,N119
N119,N120
N120,N121
N121,N122
N122,N123
N123,N124
N124,N125
N125,N126
N126,N127
N127,N128
N128,N129
N129,N130
N130,N131
N131,N132
N132,N133
N133,N134
N134,N135
N135,N136
N136,N137
N137,N138
N138,N139
N139,N140
N140,EB3
EB3,N142
N142,N143
N143,N144
N144,N145
N145,N146
N146,N147
N147,N148
N148,N149
N149,N150
N150,N151
N151,N152
N152,N153
N153,N154
N154,N155
N155,N156
N156,N157
N157,N158
N158,N159
N159,N160
N160,N161
N161,N162
N162,N163
N163,N164
N164,N165
N165,N166
N166,N167
N167,N168
N168,N169
N169,N170
N170,N171
N171,N172
N172,N173
N173,N174
N174,N175
N175,N176
N176,N177
N177,N178
N178,N179
N179,N180
N180,N181
N181,N182
N182,N183
N183,N184
N184,N185
N185,N186
N186,N187
N187,N188
N188,N189
N189,N190
N190,N191
N191,N192
N192,N193
N193,N194
N194,N195
N195,N196
N196,N197
N197,N198
N198,N199
N199,N200
N200,N201
N201,N202
N202,Oval
Oval,N204
N204,N205
N205,N206
N206,N207
N207,N208
N208,N209
N209,N210
N210,N211
N211,N212
N212,N213
N213,N214
N214,N215
N215,N216
N216,N217
N217,N218
N218,N219
N219,N220
N220,N221
N221,N222
N222,N223
N223,N224
N224,N225
N225,N226
N226,N227
N227,N228
N228,N229
N229,N230
N230,N231
N231,N232
N232,N233
N233,N234
N234,N235
N235,N236
N236,N237
N237,N238
N238,N239
N239,N240
N240,N241
N241,N242
N242,N243
N243,N244
N244,N245
N245,N3
